<!DOCTYPE hibernate-configuration PUBLIC
        "-//Hibernate/Hibernate Configuration DTD 3.0//EN"
        "http://hibernate.sourceforge.net/hibernate-configuration-3.0.dtd">
        
        
<hibernate-configuration>
	<session-factory>
		<!-- Database connection settings -->
		<property name="hibernate.connection.url">jdbc:mysql://localhost:3333/electricity</property>
		<property name="hibernate.connection.username">root</property>
		<property name="hibernate.connection.password">root</property>
		<property name="hibernate.connection.driver_class">com.mysql.cj.jdbc.Driver</property>

		<property name="hibernate.dialect">org.hibernate.dialect.MySQL5Dialect</property>
		<property name="hibernate.show_sql">true</property>
		<property name="hibernate.hbm2ddl.auto">update</property>

		<mapping class="entity.Admin"></mapping>
		<mapping class="entity.Customer"></mapping>
		<mapping class="entity.User"></mapping>
		<mapping class="entity.Bill"></mapping>
		<mapping class="entity.Meter"></mapping>
		<mapping class="entity.Complaint"></mapping>
	</session-factory>
</hibernate-configuration>
